id,movie,name,title,start,end
,bQBHMPmgX8w,ときのそら,KumoHurray!,8:36,12:24
,bQBHMPmgX8w,ときのそら,花時の空,53:46,59:23
,3YfI8tPsfS4,ときのそら,Step and Go!!,12:02,16:20
,Lw3sBpkC3Rw,ロボ子,るる,1:00,4:26
,Lw3sBpkC3Rw,ロボ子,神っぽいな,19:50,23:20
,Lw3sBpkC3Rw,ロボ子,フォイニ,23:22,26:32
,Cv_2tjVo-p4,さくらみこ,どぅーまいべすと！,5:07,9:37
,Cv_2tjVo-p5,さくらみこ,Booo！,9:40,12:36
,Cv_2tjVo-p6,さくらみこ＆大神ミオ＆大空スバル,神のまにまに,13:53,18:08
,Cv_2tjVo-p7,さくらみこ＆白銀ノエル,寝・逃・げでリセット！,18:15,22:47
,Cv_2tjVo-p8,さくらみこ＆不知火フレア,ライアーダンス,22:54,26:34
,Cv_2tjVo-p9,さくらみこ＆不知火フレア& 尾丸ポルカ,トンデモワンダーズ,26:33,29:50
,Cv_2tjVo-p10,さくらみこ＆宝鐘マリン,Catch You Catch Me,29:56,33:41
,Cv_2tjVo-p10,さくらみこ＆星街すいせい,約束の絆,33:51,38:20
,Cv_2tjVo-p11,さくらみこ,Happy Strawberry,44:45,48:35
,Cv_2tjVo-p12,さくらみこ,惑星ループ,48:40,52:12
,Cv_2tjVo-p13,さくらみこ,ファンサ,56:38,1:00:48
,Cv_2tjVo-p14,さくらみこ,さくらかぜ,1:00:57,1:04:45
