id	movie	name	title	start	end
2	bQBHMPmgX8w	ときのそら	KumoHurray!	9:20	12:24
3	bQBHMPmgX8w	ときのそら	花時の空	53:46	59:23
4	3YfI8tPsfS4	ときのそら	Step and Go!!	12:02	16:20
5	Lw3sBpkC3Rw	ロボ子	るる	1:00	4:26
6	Lw3sBpkC3Rw	ロボ子	神っぽいな	19:50	23:20
7	Lw3sBpkC3Rw	ロボ子	フォイニ	23:22	26:32
8	Cv_2tjVo-p4	さくらみこ	どぅーまいべすと！	5:07	9:37
9	Cv_2tjVo-p4	さくらみこ	Booo！	9:44	12:36
10	Cv_2tjVo-p4	さくらみこ＆大神ミオ＆大空スバル	神のまにまに	13:53	18:08
11	Cv_2tjVo-p4	さくらみこ＆白銀ノエル	寝・逃・げでリセット！	18:15	22:47
12	Cv_2tjVo-p4	さくらみこ＆不知火フレア	ライアーダンス	22:54	26:34
13	Cv_2tjVo-p4	さくらみこ＆不知火フレア& 尾丸ポルカ	トンデモワンダーズ	26:33	29:50
14	Cv_2tjVo-p4	さくらみこ＆宝鐘マリン	Catch You Catch Me	29:56	33:41
15	Cv_2tjVo-p4	さくらみこ＆星街すいせい	約束の絆	33:51	38:20
16	Cv_2tjVo-p4	さくらみこ	Happy Strawberry	44:45	48:35
17	Cv_2tjVo-p4	さくらみこ	惑星ループ	48:40	52:12
18	Cv_2tjVo-p4	さくらみこ	ファンサ	56:38	1:00:48
19	Cv_2tjVo-p4	さくらみこ	さくらかぜ	1:00:57	1:04:45