,03bbzlaPhvQ,雪花ラミィ＆桃鈴ねね,ヒトリゴト,0,-1
,ij10Puyh8qc,博衣こより,おねがいダーリン,0,-1
,CEvh8XRjvY4,猫又おかゆ,YONA YONA DANCE,0,-1
,tNBq_N2C64A,獅白ぼたん,創造,0,-1
,o9r6lFYK9SE,星街すいせい,僕は初音ミクとキスをした,0,-1
,TXD4qJHN4ac,さくらみこ,ダーリンダンス,0,-1
,yOsls1Swb_o, 猫又おかゆ＆鷹嶺ルイ,アイデンティティ,0,-1
,XnbxAaIJHfI,夏色まつり,夜もすがら君想ふ,0,-1
,zDBDb3T728c,鷹嶺ルイ,MIRA,0,-1
,IxOjRtMv3Cg,沙花叉クロヱ,人生リセットボタンぽちーｗ,0,-1
,4N3smY1pKgo,天音かなた,フラジール,0,-1
,fGnwsd9cM-4,尾丸ポルカ,アニマル,0,-1
,_3wLBFyS5qU,猫又おかゆ,デタバレネコ,0,-1
,c1M_MllbaBs,不知火フレア,三原色,0,-1
,swX1O_a_vAk,湊あくあ,あいわな,0,-1
,4ZRsOI1RCN4,博衣こより,心予報,0,-1
,e-mI0HJr3VA,癒月ちょこ,SecretClass,0,-1
,Qls96eA-n6Y,ラプラス・ダークネス,ビターチョコデコレーション ,0,-1
,aWGed8Cqy7g,角巻わため,トゥインクル,0,-1
,E6LWLQjgynE,湊あくあ＆天音かなた,神っぽいな,0,-1
,aINNB2g6cIA,AZKi,猫ならばいける,0,-1
,s-wDgxGCj4g,沙花叉クロヱ,アニマル,0,-1
,1KUZHKI-BDk,星街すいせい,ロウワー,0,-1
,QpWoW36wJII,鷹嶺ルイ,フォニイ,0,-1
,9yBLZKFKXyg,星街すいせい,アニマル,0,-1
,8vZOV32ICAs,紫咲シオン,アニマル,0,-1
,MQ-QnXZR4mc,癒月ちょこ＆大空スバル＆姫森ルーナ,神のまにまに,0,-1
,6OHFULja-4s,AZKi,ひとくち、ちょうだい？,0,-1
,2ON2ZZHarMw,博衣こより,シル・ヴ・プレジデント,0,-1
,5EuqR0GavMk,尾丸ポルカ,シネマ,0,-1
,ibXRzMUUWPE,潤羽るしあ,思ひ恋ふ,0,-1
,dmzY4R2QLfM,AZKi,rise,0,-1
,EkAlXnJPVPA,夜空メル,アニマル,0,-1
,MAhcVce-mQE,ときのそら,「この世界で」,0,-1
,N_eK0ujrhmY,戌神ころね＆雪花ラミィ＆宝鐘マリン＆白銀ノエル,ふ･れ･ん･ど･し･た･い,0,-1
,6VGkeUaX-zk,角巻わため,My song,0,-1
,Zc05le75CfI,常闇トワ,FACT,0,-1
,7jDkn2TzxJk,鷹嶺ルイ,ラブカ？,0,-1
,fsPSaFbonGo,角巻わため＆獅白ぼたん,ししわたクッキング,0,-1
,_qmAo83zOUg,天音かなた,私へ,0,-1
,zREufEpj0zM,天音かなた,天使のagape,0,-1
,PxiiB40eTWY,紫咲シオン,アカシア・シンドローム,0,-1
,Wl9EcS5As2w,大神ミオ,アニマル,0,-1
,3DrYQMK4hJE,星街すいせい,バイバイレイニー ,0,-1
,Hl1-8j9OJyo,雪花ラミィ＆獅白ぼたん,ライオン,0,-1
,QaEW5hhLxuk,癒月ちょこ＆夜空メル,Choco♡Melty,0,-1
,R3OxEcOpT0M,博衣こより,んっあっあっ。,0,-1
,0firv69LkgI,常闇トワ＆星街すいせい,灰色と青,0,-1
